{
    "dirt": {
        "template": "uniform",
        "block": "dirt",
		"material": "minecraft:stone",
        "clusterSize": 32,
        "numClusters": 15,
        "minHeight": 0,
        "maxHeight": 128,
        "retrogen": "false",
        "biomeRestriction": "none",
        "biomes": [],
        "dimensionRestriction": "blacklist",
        "dimensions": [
            -1,
            1
        ]
    },
    "gravel": {
        "template": "uniform",
        "block": "gravel",
		"material": "stone",
        "clusterSize": 28,
        "numClusters": 6,
        "minHeight": 0,
        "maxHeight": 128,
        "retrogen": "false",
        "biomeRestriction": "none",
        "biomes": [],
        "dimensionRestriction": "blacklist",
        "dimensions": [
            -1,
            1
        ]
    },
    "coal": {
        "template": "uniform",
        "block": "coal_ore",
		"material": "stone",
        "clusterSize": 16,
        "numClusters": 18,
        "minHeight": 0,
        "maxHeight": 128,
        "retrogen": "true",
        "biomeRestriction": "none",
        "biomes": [],
        "dimensionRestriction": "blacklist",
        "dimensions": [
            -1,
            1
        ]
    },
    "iron": {
        "template": "uniform",
        "block": "iron_ore",
		"material": "minecraft:stone",
        "clusterSize": 7,
        "numClusters": 13,
        "minHeight": 0,
        "maxHeight": 64,
        "retrogen": "true",
        "biomeRestriction": "none",
        "biomes": [],
        "dimensionRestriction": "blacklist",
        "dimensions": [
            -1,
            1
        ]
    },
    "gold": {
        "template": "uniform",
        "block": "gold_ore",
		"material": "minecraft:stone",
        "clusterSize": 7,
        "numClusters": 2,
        "minHeight": 0,
        "maxHeight": 32,
        "retrogen": "true",
        "biomeRestriction": "none",
        "biomes": [],
        "dimensionRestriction": "blacklist",
        "dimensions": [
            -1,
            1
        ]
    },
    "redstone": {
        "template": "uniform",
        "block": "redstone_ore",
		"material": "minecraft:stone",
        "clusterSize": 7,
        "numClusters": 6,
        "minHeight": 0,
        "maxHeight": 16,
        "retrogen": "true",
        "biomeRestriction": "none",
        "biomes": [],
        "dimensionRestriction": "blacklist",
        "dimensions": [
            -1,
            1
        ]
    },
    "diamond": {
        "template": "uniform",
        "block": "diamond_ore",
		"material": "minecraft:stone",
        "clusterSize": 6,
        "numClusters": 2,
        "minHeight": 0,
        "maxHeight": 17,
        "retrogen": "true",
        "biomeRestriction": "none",
        "biomes": [],
        "dimensionRestriction": "blacklist",
        "dimensions": [
            -1,
            1
        ]
    },
    "lapis": {
        "template": "normal",
        "block": "lapis_ore",
		"material": "minecraft:stone",
        "clusterSize": 4,
        "numClusters": 2,
        "minHeight": 0,
        "maxHeight": 16,
        "retrogen": "true",
        "biomeRestriction": "none",
        "biomes": [],
        "dimensionRestriction": "blacklist",
        "dimensions": [
            -1,
            1
        ]
    },
    "quartz": {
        "template": "uniform",
        "block": "quartz_ore",
		"material": "minecraft:netherrack",
        "clusterSize": 13,
        "numClusters": 16,
        "minHeight": 10,
        "maxHeight": 118,
        "retrogen": "true",
        "dimensionRestriction": "whitelist",
        "dimensions": [
            -1
        ]
    }
}