{
  "book": [
    {
      "features": [],
      "pageName": ""
    },
    {
      "features": [
        {
          "type": "FeatureText",
          "properties": {
            "text": "Lorem ipsum",
            "wrap": 0,
            "size": 1.0,
            "color": "FF555555",
            "xPos": 0,
            "yPos": 0,
            "width": 50.0,
            "height": 50.0
          }
        }
      ],
      "pageName": ""
    }
  ],
  "displayNames": {
    "en_US": "Introduction Book"
  },
  "uniqueName": "enchiridion.introbook",
  "color": 16777215,
  "showBackground": true,
  "showArrows": true,
  "showNumber": true,
  "iconPass1": "",
  "iconPass2": "",
  "iconColorisePass1": false,
  "iconColorisePass2": false,
  "iconColorPass1": 0,
  "iconColorPass2": 0
}