{
  "books": [
    {
      "mod": "AgriCraft",
      "stack": "AgriCraft:journal 0",
      "type": "default",
      "free": true,
      "onCrafted": false,
      "openGuiClass": "",
      "openGuiNBT": "",
      "pickUp": false,
      "overwrite": ""
    },
    {
      "mod": "aura",
      "stack": "aura:lexicon 0",
      "type": "switch",
      "free": true,
      "onCrafted": false,
      "openGuiClass": "",
      "openGuiNBT": "",
      "pickUp": false,
      "overwrite": ""
    },
    {
      "mod": "AWWayofTime",
      "stack": "AWWayofTime:itemBloodMagicBook 0",
      "type": "switch",
      "free": true,
      "onCrafted": false,
      "openGuiClass": "",
      "openGuiNBT": "",
      "pickUp": false,
      "overwrite": ""
    },
    {
      "mod": "Botania",
      "stack": "Botania:lexicon 0",
      "type": "network",
      "free": true,
      "onCrafted": false,
      "openGuiClass": "",
      "openGuiNBT": "",
      "pickUp": false,
      "overwrite": ""
    },
    {
      "mod": "Botania",
      "stack": "Botania:lexicon 0 {knowledge.minecraft:1b,knowledge.alfheim:1b}",
      "type": "network",
      "free": false,
      "onCrafted": false,
      "openGuiClass": "vazkii.botania.client.gui.lexicon.GuiLexiconIndex",
      "openGuiNBT": "knowledge.alfheim",
      "pickUp": false,
      "overwrite": "Botania:lexicon 0"
    },
    {
      "mod": "ChromatiCraft",
      "stack": "ChromatiCraft:chromaticraft_item_help 0",
      "type": "default",
      "free": true,
      "onCrafted": false,
      "openGuiClass": "",
      "openGuiNBT": "",
      "pickUp": false,
      "overwrite": ""
    },
    {
      "mod": "factorization",
      "stack": "factorization:docbook 0",
      "type": "default",
      "free": true,
      "onCrafted": false,
      "openGuiClass": "",
      "openGuiNBT": "",
      "pickUp": false,
      "overwrite": ""
    },
    {
      "mod": "HardcoreQuesting",
      "stack": "HardcoreQuesting:quest_book 0",
      "type": "network",
      "free": true,
      "onCrafted": false,
      "openGuiClass": "",
      "openGuiNBT": "",
      "pickUp": false,
      "overwrite": ""
    },
    {
      "mod": "Mariculture",
      "stack": "Mariculture:guide 0",
      "type": "switch",
      "free": true,
      "onCrafted": false,
      "openGuiClass": "",
      "openGuiNBT": "",
      "pickUp": false,
      "overwrite": ""
    },
    {
      "mod": "Mariculture",
      "stack": "Mariculture:guide 1",
      "type": "switch",
      "free": true,
      "onCrafted": false,
      "openGuiClass": "",
      "openGuiNBT": "",
      "pickUp": false,
      "overwrite": ""
    },
    {
      "mod": "Mariculture",
      "stack": "Mariculture:guide 2",
      "type": "switch",
      "free": true,
      "onCrafted": false,
      "openGuiClass": "",
      "openGuiNBT": "",
      "pickUp": false,
      "overwrite": ""
    },
    {
      "mod": "Mariculture",
      "stack": "Mariculture:guide 3",
      "type": "switch",
      "free": true,
      "onCrafted": false,
      "openGuiClass": "",
      "openGuiNBT": "",
      "pickUp": false,
      "overwrite": ""
    },
    {
      "mod": "Mariculture",
      "stack": "Mariculture:guide 4",
      "type": "switch",
      "free": true,
      "onCrafted": false,
      "openGuiClass": "",
      "openGuiNBT": "",
      "pickUp": false,
      "overwrite": ""
    },
    {
      "mod": "OpenBlocks",
      "stack": "OpenBlocks:infoBook 0",
      "type": "network",
      "free": true,
      "onCrafted": false,
      "openGuiClass": "",
      "openGuiNBT": "",
      "pickUp": false,
      "overwrite": ""
    },
    {
      "mod": "Steamcraft",
      "stack": "Steamcraft:book 0",
      "type": "switch",
      "free": true,
      "onCrafted": false,
      "openGuiClass": "",
      "openGuiNBT": "",
      "pickUp": false,
      "overwrite": ""
    },
    {
      "mod": "TConstruct",
      "stack": "TConstruct:manualBook 0",
      "type": "default",
      "free": true,
      "onCrafted": false,
      "openGuiClass": "",
      "openGuiNBT": "",
      "pickUp": false,
      "overwrite": ""
    },
    {
      "mod": "TConstruct",
      "stack": "TConstruct:manualBook 1",
      "type": "default",
      "free": true,
      "onCrafted": false,
      "openGuiClass": "",
      "openGuiNBT": "",
      "pickUp": false,
      "overwrite": ""
    },
    {
      "mod": "TConstruct",
      "stack": "TConstruct:manualBook 2",
      "type": "default",
      "free": true,
      "onCrafted": false,
      "openGuiClass": "",
      "openGuiNBT": "",
      "pickUp": false,
      "overwrite": ""
    },
    {
      "mod": "TConstruct",
      "stack": "TConstruct:manualBook 3",
      "type": "default",
      "free": true,
      "onCrafted": false,
      "openGuiClass": "",
      "openGuiNBT": "",
      "pickUp": false,
      "overwrite": ""
    },
    {
      "mod": "Thaumcraft",
      "stack": "Thaumcraft:ItemThaumonomicon 0",
      "type": "network",
      "free": true,
      "onCrafted": false,
      "openGuiClass": "",
      "openGuiNBT": "",
      "pickUp": false,
      "overwrite": ""
    },
    {
      "mod": "witchery",
      "stack": "witchery:bookbiomes2 0",
      "type": "switch",
      "free": true,
      "onCrafted": false,
      "openGuiClass": "",
      "openGuiNBT": "",
      "pickUp": false,
      "overwrite": ""
    },
    {
      "mod": "witchery",
      "stack": "witchery:cauldronbook 0",
      "type": "switch",
      "free": true,
      "onCrafted": false,
      "openGuiClass": "",
      "openGuiNBT": "",
      "pickUp": false,
      "overwrite": ""
    },
    {
      "mod": "witchery",
      "stack": "witchery:ingredient 46",
      "type": "switch",
      "free": true,
      "onCrafted": false,
      "openGuiClass": "",
      "openGuiNBT": "",
      "pickUp": false,
      "overwrite": ""
    },
    {
      "mod": "witchery",
      "stack": "witchery:ingredient 47",
      "type": "switch",
      "free": true,
      "onCrafted": false,
      "openGuiClass": "",
      "openGuiNBT": "",
      "pickUp": false,
      "overwrite": ""
    },
    {
      "mod": "witchery",
      "stack": "witchery:ingredient 48",
      "type": "switch",
      "free": true,
      "onCrafted": false,
      "openGuiClass": "",
      "openGuiNBT": "",
      "pickUp": false,
      "overwrite": ""
    },
    {
      "mod": "witchery",
      "stack": "witchery:ingredient 49",
      "type": "switch",
      "free": true,
      "onCrafted": false,
      "openGuiClass": "",
      "openGuiNBT": "",
      "pickUp": false,
      "overwrite": ""
    },
    {
      "mod": "witchery",
      "stack": "witchery:ingredient 81",
      "type": "switch",
      "free": true,
      "onCrafted": false,
      "openGuiClass": "",
      "openGuiNBT": "",
      "pickUp": false,
      "overwrite": ""
    },
    {
      "mod": "witchery",
      "stack": "witchery:ingredient 106",
      "type": "switch",
      "free": true,
      "onCrafted": false,
      "openGuiClass": "",
      "openGuiNBT": "",
      "pickUp": false,
      "overwrite": ""
    },
    {
      "mod": "witchery",
      "stack": "witchery:ingredient 107",
      "type": "switch",
      "free": true,
      "onCrafted": false,
      "openGuiClass": "",
      "openGuiNBT": "",
      "pickUp": false,
      "overwrite": ""
    },
    {
      "mod": "witchery",
      "stack": "witchery:ingredient 127",
      "type": "switch",
      "free": true,
      "onCrafted": false,
      "openGuiClass": "",
      "openGuiNBT": "",
      "pickUp": false,
      "overwrite": ""
    }
  ]
}