{
    "copper": {
        "template": "uniform",
        "block": {
            "name": "ThermalFoundation:Ore",
            "metadata": 0
        },
        "clusterSize": 12,
        "numClusters": 6,
        "minHeight": 40,
        "maxHeight": 75,
        "retrogen": "false",
        "biomeRestriction": "none",
        "biomes": [
            "all"
        ],
        "dimensionRestriction": "blacklist",
        "dimensions": [
            -1,
            1
        ]
    },
    "tin": {
        "template": "uniform",
        "block": {
            "name": "ThermalFoundation:Ore",
            "metadata": 1
        },
        "clusterSize": 6,
        "numClusters": 12,
        "minHeight": 20,
        "maxHeight": 48,
        "retrogen": "false",
        "biomeRestriction": "none",
        "biomes": [
            "all"
        ],
        "dimensionRestriction": "blacklist",
        "dimensions": [
            -1,
            1
        ]
    },
    "silver": {
        "template": "uniform",
        "block": [
            {
                "name": "ThermalFoundation:Ore",
                "metadata": 2,
                "weight": 80
            },
            {
                "name": "ThermalFoundation:Ore",
                "metadata": 3,
                "weight": 20
            }
        ],
        "clusterSize": 5,
        "numClusters": 3,
        "minHeight": 5,
        "maxHeight": 30,
        "retrogen": "false",
        "biomeRestriction": "none",
        "biomes": [
            "all"
        ],
        "dimensionRestriction": "blacklist",
        "dimensions": [
            -1,
            1
        ]
    },
    "lead": {
        "template": "uniform",
        "block": [
            {
                "name": "ThermalFoundation:Ore",
                "metadata": 3,
                "weight": 90
            },
            {
                "name": "ThermalFoundation:Ore",
                "metadata": 2,
                "weight": 10
            }
        ],
        "clusterSize": 6,
        "numClusters": 5,
        "minHeight": 18,
        "maxHeight": 42,
        "retrogen": "false",
        "biomeRestriction": "none",
        "biomes": [
            "all"
        ],
        "dimensionRestriction": "blacklist",
        "dimensions": [
            -1,
            1
        ]
    },
    "nickel": {
        "template": "uniform",
        "block": {
            "name": "ThermalFoundation:Ore",
            "metadata": 4
        },
        "clusterSize": 4,
        "numClusters": 2,
        "minHeight": 5,
        "maxHeight": 20,
        "retrogen": "false",
        "biomeRestriction": "none",
        "biomes": [
            "all"
        ],
        "dimensionRestriction": "blacklist",
        "dimensions": [
            -1,
            1
        ]
    }
}